Source,Target,Type,Id,Label,Weight
1,10,Undirected,0,,1
1,11,Undirected,1,,1
1,12,Undirected,2,,1
1,13,Undirected,3,,1
1,14,Undirected,4,,1
1,15,Undirected,5,,1
1,16,Undirected,6,,1
1,17,Undirected,7,,1
1,18,Undirected,8,,1
1,19,Undirected,9,,1
1,2,Undirected,10,,1
1,20,Undirected,11,,1
1,21,Undirected,12,,1
1,22,Undirected,13,,1
1,23,Undirected,14,,1
1,24,Undirected,15,,1
1,3,Undirected,16,,1
1,4,Undirected,17,,1
1,5,Undirected,18,,1
1,6,Undirected,19,,1
1,7,Undirected,20,,1
1,8,Undirected,21,,1
1,9,Undirected,22,,1
2,11,Undirected,23,,1
2,12,Undirected,24,,1
2,120,Undirected,25,,1
2,121,Undirected,26,,1
2,122,Undirected,27,,1
2,123,Undirected,28,,1
2,124,Undirected,29,,1
2,125,Undirected,30,,1
2,13,Undirected,31,,1
2,14,Undirected,32,,1
2,15,Undirected,33,,1
2,19,Undirected,34,,1
2,20,Undirected,35,,1
2,21,Undirected,36,,1
2,23,Undirected,37,,1
2,24,Undirected,38,,1
2,4,Undirected,39,,1
2,6,Undirected,40,,1
2,67,Undirected,41,,1
2,7,Undirected,42,,1
3,10,Undirected,43,,1
3,125,Undirected,44,,1
3,13,Undirected,45,,1
3,130,Undirected,46,,1
3,14,Undirected,47,,1
3,145,Undirected,48,,1
3,146,Undirected,49,,1
3,147,Undirected,50,,1
3,148,Undirected,51,,1
3,149,Undirected,52,,1
3,150,Undirected,53,,1
3,157,Undirected,54,,1
3,159,Undirected,55,,1
3,16,Undirected,56,,1
3,160,Undirected,57,,1
3,17,Undirected,58,,1
3,18,Undirected,59,,1
3,20,Undirected,60,,1
3,21,Undirected,61,,1
3,23,Undirected,62,,1
3,24,Undirected,63,,1
3,4,Undirected,64,,1
3,5,Undirected,65,,1
3,6,Undirected,66,,1
3,67,Undirected,67,,1
3,7,Undirected,68,,1
3,8,Undirected,69,,1
3,9,Undirected,70,,1
4,101,Undirected,71,,1
4,11,Undirected,72,,1
4,112,Undirected,73,,1
4,12,Undirected,74,,1
4,121,Undirected,75,,1
4,128,Undirected,76,,1
4,13,Undirected,77,,1
4,133,Undirected,78,,1
4,137,Undirected,79,,1
4,14,Undirected,80,,1
4,149,Undirected,81,,1
4,15,Undirected,82,,1
4,150,Undirected,83,,1
4,152,Undirected,84,,1
4,16,Undirected,85,,1
4,164,Undirected,86,,1
4,165,Undirected,87,,1
4,166,Undirected,88,,1
4,167,Undirected,89,,1
4,168,Undirected,90,,1
4,169,Undirected,91,,1
4,17,Undirected,92,,1
4,170,Undirected,93,,1
4,171,Undirected,94,,1
4,172,Undirected,95,,1
4,173,Undirected,96,,1
4,174,Undirected,97,,1
4,177,Undirected,98,,1
4,178,Undirected,99,,1
4,179,Undirected,100,,1
4,18,Undirected,101,,1
4,19,Undirected,102,,1
4,20,Undirected,103,,1
4,21,Undirected,104,,1
4,23,Undirected,105,,1
4,24,Undirected,106,,1
4,6,Undirected,107,,1
4,7,Undirected,108,,1
4,8,Undirected,109,,1
4,9,Undirected,110,,1
5,10,Undirected,111,,1
5,153,Undirected,112,,1
5,155,Undirected,113,,1
5,160,Undirected,114,,1
5,164,Undirected,115,,1
5,165,Undirected,116,,1
5,17,Undirected,117,,1
5,22,Undirected,118,,1
5,6,Undirected,119,,1
5,67,Undirected,120,,1
6,10,Undirected,121,,1
6,11,Undirected,122,,1
6,12,Undirected,123,,1
6,13,Undirected,124,,1
6,14,Undirected,125,,1
6,15,Undirected,126,,1
6,153,Undirected,127,,1
6,155,Undirected,128,,1
6,164,Undirected,129,,1
6,165,Undirected,130,,1
6,17,Undirected,131,,1
6,19,Undirected,132,,1
6,20,Undirected,133,,1
6,21,Undirected,134,,1
6,22,Undirected,135,,1
6,23,Undirected,136,,1
6,24,Undirected,137,,1
6,7,Undirected,138,,1
7,10,Undirected,139,,1
7,100,Undirected,140,,1
7,101,Undirected,141,,1
7,102,Undirected,142,,1
7,103,Undirected,143,,1
7,104,Undirected,144,,1
7,105,Undirected,145,,1
7,106,Undirected,146,,1
7,107,Undirected,147,,1
7,108,Undirected,148,,1
7,109,Undirected,149,,1
7,11,Undirected,150,,1
7,110,Undirected,151,,1
7,111,Undirected,152,,1
7,116,Undirected,153,,1
7,117,Undirected,154,,1
7,118,Undirected,155,,1
7,119,Undirected,156,,1
7,12,Undirected,157,,1
7,120,Undirected,158,,1
7,121,Undirected,159,,1
7,122,Undirected,160,,1
7,123,Undirected,161,,1
7,124,Undirected,162,,1
7,125,Undirected,163,,1
7,127,Undirected,164,,1
7,128,Undirected,165,,1
7,13,Undirected,166,,1
7,130,Undirected,167,,1
7,133,Undirected,168,,1
7,137,Undirected,169,,1
7,138,Undirected,170,,1
7,139,Undirected,171,,1
7,14,Undirected,172,,1
7,140,Undirected,173,,1
7,148,Undirected,174,,1
7,149,Undirected,175,,1
7,15,Undirected,176,,1
7,150,Undirected,177,,1
7,152,Undirected,178,,1
7,153,Undirected,179,,1
7,154,Undirected,180,,1
7,155,Undirected,181,,1
7,157,Undirected,182,,1
7,164,Undirected,183,,1
7,165,Undirected,184,,1
7,166,Undirected,185,,1
7,167,Undirected,186,,1
7,168,Undirected,187,,1
7,169,Undirected,188,,1
7,170,Undirected,189,,1
7,171,Undirected,190,,1
7,172,Undirected,191,,1
7,173,Undirected,192,,1
7,174,Undirected,193,,1
7,177,Undirected,194,,1
7,178,Undirected,195,,1
7,179,Undirected,196,,1
7,18,Undirected,197,,1
7,19,Undirected,198,,1
7,191,Undirected,199,,1
7,20,Undirected,200,,1
7,21,Undirected,201,,1
7,23,Undirected,202,,1
7,24,Undirected,203,,1
7,26,Undirected,204,,1
7,27,Undirected,205,,1
7,28,Undirected,206,,1
7,48,Undirected,207,,1
7,54,Undirected,208,,1
7,55,Undirected,209,,1
7,67,Undirected,210,,1
7,74,Undirected,211,,1
7,75,Undirected,212,,1
7,76,Undirected,213,,1
7,80,Undirected,214,,1
7,81,Undirected,215,,1
7,83,Undirected,216,,1
7,84,Undirected,217,,1
7,85,Undirected,218,,1
7,86,Undirected,219,,1
7,87,Undirected,220,,1
7,89,Undirected,221,,1
7,9,Undirected,222,,1
7,90,Undirected,223,,1
7,92,Undirected,224,,1
7,93,Undirected,225,,1
7,95,Undirected,226,,1
7,96,Undirected,227,,1
7,97,Undirected,228,,1
7,98,Undirected,229,,1
8,100,Undirected,230,,1
8,110,Undirected,231,,1
8,111,Undirected,232,,1
8,16,Undirected,233,,1
8,17,Undirected,234,,1
8,18,Undirected,235,,1
8,21,Undirected,236,,1
8,23,Undirected,237,,1
8,24,Undirected,238,,1
8,28,Undirected,239,,1
8,80,Undirected,240,,1
8,81,Undirected,241,,1
8,9,Undirected,242,,1
8,91,Undirected,243,,1
8,92,Undirected,244,,1
8,94,Undirected,245,,1
8,98,Undirected,246,,1
9,109,Undirected,247,,1
9,11,Undirected,248,,1
9,125,Undirected,249,,1
9,13,Undirected,250,,1
9,130,Undirected,251,,1
9,134,Undirected,252,,1
9,137,Undirected,253,,1
9,14,Undirected,254,,1
9,146,Undirected,255,,1
9,148,Undirected,256,,1
9,157,Undirected,257,,1
9,159,Undirected,258,,1
9,16,Undirected,259,,1
9,160,Undirected,260,,1
9,17,Undirected,261,,1
9,18,Undirected,262,,1
9,192,Undirected,263,,1
9,21,Undirected,264,,1
9,23,Undirected,265,,1
9,24,Undirected,266,,1
9,67,Undirected,267,,1
10,109,Undirected,268,,1
10,111,Undirected,269,,1
10,112,Undirected,270,,1
10,114,Undirected,271,,1
10,119,Undirected,272,,1
10,12,Undirected,273,,1
10,125,Undirected,274,,1
10,13,Undirected,275,,1
10,14,Undirected,276,,1
10,145,Undirected,277,,1
10,146,Undirected,278,,1
10,147,Undirected,279,,1
10,149,Undirected,280,,1
10,15,Undirected,281,,1
10,153,Undirected,282,,1
10,155,Undirected,283,,1
10,158,Undirected,284,,1
10,159,Undirected,285,,1
10,160,Undirected,286,,1
10,164,Undirected,287,,1
10,165,Undirected,288,,1
10,17,Undirected,289,,1
10,18,Undirected,290,,1
10,19,Undirected,291,,1
10,20,Undirected,292,,1
10,28,Undirected,293,,1
10,54,Undirected,294,,1
10,67,Undirected,295,,1
10,74,Undirected,296,,1
10,75,Undirected,297,,1
10,76,Undirected,298,,1
10,80,Undirected,299,,1
10,83,Undirected,300,,1
10,85,Undirected,301,,1
10,86,Undirected,302,,1
10,88,Undirected,303,,1
10,93,Undirected,304,,1
11,101,Undirected,305,,1
11,102,Undirected,306,,1
11,103,Undirected,307,,1
11,106,Undirected,308,,1
11,107,Undirected,309,,1
11,109,Undirected,310,,1
11,116,Undirected,311,,1
11,117,Undirected,312,,1
11,118,Undirected,313,,1
11,12,Undirected,314,,1
11,120,Undirected,315,,1
11,121,Undirected,316,,1
11,124,Undirected,317,,1
11,125,Undirected,318,,1
11,13,Undirected,319,,1
11,130,Undirected,320,,1
11,133,Undirected,321,,1
11,137,Undirected,322,,1
11,14,Undirected,323,,1
11,148,Undirected,324,,1
11,15,Undirected,325,,1
11,18,Undirected,326,,1
11,19,Undirected,327,,1
11,20,Undirected,328,,1
11,21,Undirected,329,,1
11,23,Undirected,330,,1
11,24,Undirected,331,,1
11,67,Undirected,332,,1
11,80,Undirected,333,,1
11,89,Undirected,334,,1
11,90,Undirected,335,,1
11,95,Undirected,336,,1
11,96,Undirected,337,,1
11,97,Undirected,338,,1
12,101,Undirected,339,,1
12,111,Undirected,340,,1
12,112,Undirected,341,,1
12,114,Undirected,342,,1
12,121,Undirected,343,,1
12,125,Undirected,344,,1
12,128,Undirected,345,,1
12,13,Undirected,346,,1
12,133,Undirected,347,,1
12,137,Undirected,348,,1
12,14,Undirected,349,,1
12,149,Undirected,350,,1
12,15,Undirected,351,,1
12,150,Undirected,352,,1
12,152,Undirected,353,,1
12,158,Undirected,354,,1
12,159,Undirected,355,,1
12,160,Undirected,356,,1
12,164,Undirected,357,,1
12,165,Undirected,358,,1
12,166,Undirected,359,,1
12,167,Undirected,360,,1
12,168,Undirected,361,,1
12,169,Undirected,362,,1
12,170,Undirected,363,,1
12,171,Undirected,364,,1
12,172,Undirected,365,,1
12,173,Undirected,366,,1
12,174,Undirected,367,,1
12,18,Undirected,368,,1
12,19,Undirected,369,,1
12,20,Undirected,370,,1
12,21,Undirected,371,,1
12,23,Undirected,372,,1
12,24,Undirected,373,,1
12,67,Undirected,374,,1
12,74,Undirected,375,,1
12,76,Undirected,376,,1
12,93,Undirected,377,,1
13,101,Undirected,378,,1
13,111,Undirected,379,,1
13,112,Undirected,380,,1
13,114,Undirected,381,,1
13,121,Undirected,382,,1
13,122,Undirected,383,,1
13,123,Undirected,384,,1
13,125,Undirected,385,,1
13,128,Undirected,386,,1
13,133,Undirected,387,,1
13,137,Undirected,388,,1
13,14,Undirected,389,,1
13,149,Undirected,390,,1
13,15,Undirected,391,,1
13,150,Undirected,392,,1
13,152,Undirected,393,,1
13,154,Undirected,394,,1
13,158,Undirected,395,,1
13,159,Undirected,396,,1
13,160,Undirected,397,,1
13,164,Undirected,398,,1
13,165,Undirected,399,,1
13,166,Undirected,400,,1
13,167,Undirected,401,,1
13,168,Undirected,402,,1
13,169,Undirected,403,,1
13,170,Undirected,404,,1
13,171,Undirected,405,,1
13,172,Undirected,406,,1
13,173,Undirected,407,,1
13,174,Undirected,408,,1
13,177,Undirected,409,,1
13,178,Undirected,410,,1
13,179,Undirected,411,,1
13,18,Undirected,412,,1
13,187,Undirected,413,,1
13,188,Undirected,414,,1
13,189,Undirected,415,,1
13,19,Undirected,416,,1
13,20,Undirected,417,,1
13,21,Undirected,418,,1
13,23,Undirected,419,,1
13,24,Undirected,420,,1
13,56,Undirected,421,,1
13,67,Undirected,422,,1
13,74,Undirected,423,,1
13,76,Undirected,424,,1
13,89,Undirected,425,,1
13,90,Undirected,426,,1
13,93,Undirected,427,,1
14,101,Undirected,428,,1
14,111,Undirected,429,,1
14,112,Undirected,430,,1
14,114,Undirected,431,,1
14,121,Undirected,432,,1
14,125,Undirected,433,,1
14,128,Undirected,434,,1
14,133,Undirected,435,,1
14,137,Undirected,436,,1
14,149,Undirected,437,,1
14,15,Undirected,438,,1
14,150,Undirected,439,,1
14,152,Undirected,440,,1
14,158,Undirected,441,,1
14,159,Undirected,442,,1
14,160,Undirected,443,,1
14,164,Undirected,444,,1
14,165,Undirected,445,,1
14,166,Undirected,446,,1
14,167,Undirected,447,,1
14,168,Undirected,448,,1
14,169,Undirected,449,,1
14,170,Undirected,450,,1
14,171,Undirected,451,,1
14,172,Undirected,452,,1
14,173,Undirected,453,,1
14,174,Undirected,454,,1
14,18,Undirected,455,,1
14,187,Undirected,456,,1
14,19,Undirected,457,,1
14,20,Undirected,458,,1
14,21,Undirected,459,,1
14,23,Undirected,460,,1
14,24,Undirected,461,,1
14,67,Undirected,462,,1
14,74,Undirected,463,,1
14,76,Undirected,464,,1
14,93,Undirected,465,,1
15,101,Undirected,466,,1
15,111,Undirected,467,,1
15,112,Undirected,468,,1
15,114,Undirected,469,,1
15,121,Undirected,470,,1
15,125,Undirected,471,,1
15,128,Undirected,472,,1
15,133,Undirected,473,,1
15,137,Undirected,474,,1
15,149,Undirected,475,,1
15,150,Undirected,476,,1
15,152,Undirected,477,,1
15,158,Undirected,478,,1
15,159,Undirected,479,,1
15,160,Undirected,480,,1
15,164,Undirected,481,,1
15,165,Undirected,482,,1
15,166,Undirected,483,,1
15,167,Undirected,484,,1
15,168,Undirected,485,,1
15,169,Undirected,486,,1
15,170,Undirected,487,,1
15,171,Undirected,488,,1
15,172,Undirected,489,,1
15,173,Undirected,490,,1
15,174,Undirected,491,,1
15,177,Undirected,492,,1
15,178,Undirected,493,,1
15,179,Undirected,494,,1
15,18,Undirected,495,,1
15,19,Undirected,496,,1
15,20,Undirected,497,,1
15,21,Undirected,498,,1
15,23,Undirected,499,,1
15,24,Undirected,500,,1
15,67,Undirected,501,,1
15,74,Undirected,502,,1
15,76,Undirected,503,,1
15,93,Undirected,504,,1
16,100,Undirected,505,,1
16,110,Undirected,506,,1
16,111,Undirected,507,,1
16,114,Undirected,508,,1
16,17,Undirected,509,,1
16,18,Undirected,510,,1
16,21,Undirected,511,,1
16,23,Undirected,512,,1
16,24,Undirected,513,,1
16,28,Undirected,514,,1
16,80,Undirected,515,,1
16,81,Undirected,516,,1
16,88,Undirected,517,,1
16,91,Undirected,518,,1
16,92,Undirected,519,,1
16,93,Undirected,520,,1
16,94,Undirected,521,,1
16,98,Undirected,522,,1
17,145,Undirected,523,,1
17,146,Undirected,524,,1
17,147,Undirected,525,,1
17,148,Undirected,526,,1
17,149,Undirected,527,,1
17,150,Undirected,528,,1
17,18,Undirected,529,,1
17,21,Undirected,530,,1
17,22,Undirected,531,,1
17,23,Undirected,532,,1
17,24,Undirected,533,,1
18,101,Undirected,534,,1
18,102,Undirected,535,,1
18,107,Undirected,536,,1
18,111,Undirected,537,,1
18,112,Undirected,538,,1
18,114,Undirected,539,,1
18,116,Undirected,540,,1
18,117,Undirected,541,,1
18,118,Undirected,542,,1
18,121,Undirected,543,,1
18,125,Undirected,544,,1
18,128,Undirected,545,,1
18,133,Undirected,546,,1
18,137,Undirected,547,,1
18,149,Undirected,548,,1
18,150,Undirected,549,,1
18,152,Undirected,550,,1
18,158,Undirected,551,,1
18,159,Undirected,552,,1
18,160,Undirected,553,,1
18,164,Undirected,554,,1
18,165,Undirected,555,,1
18,166,Undirected,556,,1
18,167,Undirected,557,,1
18,168,Undirected,558,,1
18,169,Undirected,559,,1
18,170,Undirected,560,,1
18,171,Undirected,561,,1
18,172,Undirected,562,,1
18,173,Undirected,563,,1
18,174,Undirected,564,,1
18,19,Undirected,565,,1
18,20,Undirected,566,,1
18,21,Undirected,567,,1
18,23,Undirected,568,,1
18,24,Undirected,569,,1
18,67,Undirected,570,,1
18,74,Undirected,571,,1
18,76,Undirected,572,,1
18,80,Undirected,573,,1
18,89,Undirected,574,,1
18,90,Undirected,575,,1
18,93,Undirected,576,,1
18,95,Undirected,577,,1
18,96,Undirected,578,,1
18,97,Undirected,579,,1
19,100,Undirected,580,,1
19,101,Undirected,581,,1
19,109,Undirected,582,,1
19,111,Undirected,583,,1
19,112,Undirected,584,,1
19,114,Undirected,585,,1
19,121,Undirected,586,,1
19,125,Undirected,587,,1
19,128,Undirected,588,,1
19,133,Undirected,589,,1
19,135,Undirected,590,,1
19,137,Undirected,591,,1
19,139,Undirected,592,,1
19,149,Undirected,593,,1
19,150,Undirected,594,,1
19,152,Undirected,595,,1
19,153,Undirected,596,,1
19,154,Undirected,597,,1
19,155,Undirected,598,,1
19,158,Undirected,599,,1
19,159,Undirected,600,,1
19,160,Undirected,601,,1
19,164,Undirected,602,,1
19,165,Undirected,603,,1
19,166,Undirected,604,,1
19,167,Undirected,605,,1
19,168,Undirected,606,,1
19,169,Undirected,607,,1
19,170,Undirected,608,,1
19,171,Undirected,609,,1
19,172,Undirected,610,,1
19,173,Undirected,611,,1
19,174,Undirected,612,,1
19,20,Undirected,613,,1
19,21,Undirected,614,,1
19,23,Undirected,615,,1
19,24,Undirected,616,,1
19,54,Undirected,617,,1
19,67,Undirected,618,,1
19,74,Undirected,619,,1
19,75,Undirected,620,,1
19,76,Undirected,621,,1
19,86,Undirected,622,,1
19,93,Undirected,623,,1
20,100,Undirected,624,,1
20,101,Undirected,625,,1
20,102,Undirected,626,,1
20,106,Undirected,627,,1
20,107,Undirected,628,,1
20,109,Undirected,629,,1
20,111,Undirected,630,,1
20,112,Undirected,631,,1
20,114,Undirected,632,,1
20,116,Undirected,633,,1
20,117,Undirected,634,,1
20,118,Undirected,635,,1
20,120,Undirected,636,,1
20,121,Undirected,637,,1
20,122,Undirected,638,,1
20,123,Undirected,639,,1
20,124,Undirected,640,,1
20,125,Undirected,641,,1
20,128,Undirected,642,,1
20,133,Undirected,643,,1
20,137,Undirected,644,,1
20,139,Undirected,645,,1
20,149,Undirected,646,,1
20,150,Undirected,647,,1
20,152,Undirected,648,,1
20,153,Undirected,649,,1
20,154,Undirected,650,,1
20,155,Undirected,651,,1
20,158,Undirected,652,,1
20,159,Undirected,653,,1
20,160,Undirected,654,,1
20,164,Undirected,655,,1
20,165,Undirected,656,,1
20,166,Undirected,657,,1
20,167,Undirected,658,,1
20,168,Undirected,659,,1
20,169,Undirected,660,,1
20,170,Undirected,661,,1
20,171,Undirected,662,,1
20,172,Undirected,663,,1
20,173,Undirected,664,,1
20,174,Undirected,665,,1
20,177,Undirected,666,,1
20,178,Undirected,667,,1
20,179,Undirected,668,,1
20,21,Undirected,669,,1
20,23,Undirected,670,,1
20,24,Undirected,671,,1
20,54,Undirected,672,,1
20,67,Undirected,673,,1
20,74,Undirected,674,,1
20,75,Undirected,675,,1
20,76,Undirected,676,,1
20,80,Undirected,677,,1
20,86,Undirected,678,,1
20,89,Undirected,679,,1
20,90,Undirected,680,,1
20,93,Undirected,681,,1
20,95,Undirected,682,,1
20,96,Undirected,683,,1
20,97,Undirected,684,,1
21,101,Undirected,685,,1
21,112,Undirected,686,,1
21,121,Undirected,687,,1
21,128,Undirected,688,,1
21,133,Undirected,689,,1
21,137,Undirected,690,,1
21,149,Undirected,691,,1
21,150,Undirected,692,,1
21,152,Undirected,693,,1
21,164,Undirected,694,,1
21,165,Undirected,695,,1
21,166,Undirected,696,,1
21,167,Undirected,697,,1
21,168,Undirected,698,,1
21,169,Undirected,699,,1
21,170,Undirected,700,,1
21,171,Undirected,701,,1
21,172,Undirected,702,,1
21,173,Undirected,703,,1
21,174,Undirected,704,,1
21,177,Undirected,705,,1
21,178,Undirected,706,,1
21,179,Undirected,707,,1
21,23,Undirected,708,,1
21,24,Undirected,709,,1
22,119,Undirected,710,,1
22,133,Undirected,711,,1
22,176,Undirected,712,,1
22,193,Undirected,713,,1
22,88,Undirected,714,,1
22,93,Undirected,715,,1
23,101,Undirected,716,,1
23,102,Undirected,717,,1
23,107,Undirected,718,,1
23,109,Undirected,719,,1
23,112,Undirected,720,,1
23,116,Undirected,721,,1
23,117,Undirected,722,,1
23,118,Undirected,723,,1
23,119,Undirected,724,,1
23,121,Undirected,725,,1
23,122,Undirected,726,,1
23,123,Undirected,727,,1
23,124,Undirected,728,,1
23,126,Undirected,729,,1
23,127,Undirected,730,,1
23,128,Undirected,731,,1
23,130,Undirected,732,,1
23,131,Undirected,733,,1
23,132,Undirected,734,,1
23,133,Undirected,735,,1
23,134,Undirected,736,,1
23,137,Undirected,737,,1
23,148,Undirected,738,,1
23,149,Undirected,739,,1
23,150,Undirected,740,,1
23,152,Undirected,741,,1
23,153,Undirected,742,,1
23,157,Undirected,743,,1
23,164,Undirected,744,,1
23,165,Undirected,745,,1
23,166,Undirected,746,,1
23,167,Undirected,747,,1
23,168,Undirected,748,,1
23,169,Undirected,749,,1
23,170,Undirected,750,,1
23,171,Undirected,751,,1
23,172,Undirected,752,,1
23,173,Undirected,753,,1
23,174,Undirected,754,,1
23,177,Undirected,755,,1
23,178,Undirected,756,,1
23,179,Undirected,757,,1
23,24,Undirected,758,,1
23,27,Undirected,759,,1
23,31,Undirected,760,,1
23,67,Undirected,761,,1
23,74,Undirected,762,,1
23,80,Undirected,763,,1
23,89,Undirected,764,,1
23,90,Undirected,765,,1
23,91,Undirected,766,,1
23,93,Undirected,767,,1
23,95,Undirected,768,,1
23,96,Undirected,769,,1
23,97,Undirected,770,,1
24,101,Undirected,771,,1
24,102,Undirected,772,,1
24,103,Undirected,773,,1
24,106,Undirected,774,,1
24,107,Undirected,775,,1
24,109,Undirected,776,,1
24,116,Undirected,777,,1
24,117,Undirected,778,,1
24,118,Undirected,779,,1
24,120,Undirected,780,,1
24,121,Undirected,781,,1
24,124,Undirected,782,,1
24,125,Undirected,783,,1
24,133,Undirected,784,,1
24,168,Undirected,785,,1
24,177,Undirected,786,,1
24,178,Undirected,787,,1
24,179,Undirected,788,,1
24,67,Undirected,789,,1
24,80,Undirected,790,,1
24,89,Undirected,791,,1
24,90,Undirected,792,,1
24,95,Undirected,793,,1
24,96,Undirected,794,,1
24,97,Undirected,795,,1
25,26,Undirected,796,,1
25,27,Undirected,797,,1
25,28,Undirected,798,,1
26,100,Undirected,799,,1
26,103,Undirected,800,,1
26,105,Undirected,801,,1
26,106,Undirected,802,,1
26,108,Undirected,803,,1
26,109,Undirected,804,,1
26,110,Undirected,805,,1
26,111,Undirected,806,,1
26,115,Undirected,807,,1
26,117,Undirected,808,,1
26,119,Undirected,809,,1
26,144,Undirected,810,,1
26,27,Undirected,811,,1
26,28,Undirected,812,,1
26,62,Undirected,813,,1
26,74,Undirected,814,,1
26,80,Undirected,815,,1
26,81,Undirected,816,,1
26,87,Undirected,817,,1
26,89,Undirected,818,,1
26,90,Undirected,819,,1
26,94,Undirected,820,,1
26,98,Undirected,821,,1
27,102,Undirected,822,,1
27,104,Undirected,823,,1
27,105,Undirected,824,,1
27,107,Undirected,825,,1
27,109,Undirected,826,,1
27,110,Undirected,827,,1
27,111,Undirected,828,,1
27,112,Undirected,829,,1
27,113,Undirected,830,,1
27,114,Undirected,831,,1
27,116,Undirected,832,,1
27,117,Undirected,833,,1
27,118,Undirected,834,,1
27,119,Undirected,835,,1
27,125,Undirected,836,,1
27,138,Undirected,837,,1
27,139,Undirected,838,,1
27,140,Undirected,839,,1
27,144,Undirected,840,,1
27,28,Undirected,841,,1
27,35,Undirected,842,,1
27,48,Undirected,843,,1
27,54,Undirected,844,,1
27,55,Undirected,845,,1
27,62,Undirected,846,,1
27,70,Undirected,847,,1
27,74,Undirected,848,,1
27,75,Undirected,849,,1
27,76,Undirected,850,,1
27,83,Undirected,851,,1
27,84,Undirected,852,,1
27,85,Undirected,853,,1
27,86,Undirected,854,,1
27,87,Undirected,855,,1
27,88,Undirected,856,,1
27,89,Undirected,857,,1
27,90,Undirected,858,,1
27,93,Undirected,859,,1
27,94,Undirected,860,,1
27,95,Undirected,861,,1
27,96,Undirected,862,,1
27,97,Undirected,863,,1
28,103,Undirected,864,,1
28,105,Undirected,865,,1
28,108,Undirected,866,,1
28,109,Undirected,867,,1
28,110,Undirected,868,,1
28,111,Undirected,869,,1
28,112,Undirected,870,,1
28,114,Undirected,871,,1
28,115,Undirected,872,,1
28,117,Undirected,873,,1
28,119,Undirected,874,,1
28,124,Undirected,875,,1
28,144,Undirected,876,,1
28,54,Undirected,877,,1
28,62,Undirected,878,,1
28,67,Undirected,879,,1
28,70,Undirected,880,,1
28,74,Undirected,881,,1
28,75,Undirected,882,,1
28,80,Undirected,883,,1
28,83,Undirected,884,,1
28,84,Undirected,885,,1
28,85,Undirected,886,,1
28,86,Undirected,887,,1
28,88,Undirected,888,,1
28,89,Undirected,889,,1
28,90,Undirected,890,,1
28,91,Undirected,891,,1
28,92,Undirected,892,,1
28,93,Undirected,893,,1
28,94,Undirected,894,,1
28,98,Undirected,895,,1
29,30,Undirected,896,,1
29,31,Undirected,897,,1
29,32,Undirected,898,,1
29,33,Undirected,899,,1
30,143,Undirected,900,,1
30,31,Undirected,901,,1
30,32,Undirected,902,,1
30,33,Undirected,903,,1
30,78,Undirected,904,,1
30,79,Undirected,905,,1
31,101,Undirected,906,,1
31,122,Undirected,907,,1
31,123,Undirected,908,,1
31,126,Undirected,909,,1
31,131,Undirected,910,,1
31,132,Undirected,911,,1
31,134,Undirected,912,,1
31,141,Undirected,913,,1
31,142,Undirected,914,,1
31,143,Undirected,915,,1
31,161,Undirected,916,,1
31,180,Undirected,917,,1
31,183,Undirected,918,,1
31,184,Undirected,919,,1
31,32,Undirected,920,,1
31,33,Undirected,921,,1
31,34,Undirected,922,,1
31,35,Undirected,923,,1
31,36,Undirected,924,,1
31,37,Undirected,925,,1
31,42,Undirected,926,,1
31,50,Undirected,927,,1
31,51,Undirected,928,,1
31,52,Undirected,929,,1
31,53,Undirected,930,,1
31,58,Undirected,931,,1
31,60,Undirected,932,,1
31,61,Undirected,933,,1
31,62,Undirected,934,,1
31,64,Undirected,935,,1
31,65,Undirected,936,,1
31,66,Undirected,937,,1
31,68,Undirected,938,,1
31,69,Undirected,939,,1
31,70,Undirected,940,,1
31,72,Undirected,941,,1
31,91,Undirected,942,,1
31,97,Undirected,943,,1
32,139,Undirected,944,,1
32,154,Undirected,945,,1
32,156,Undirected,946,,1
32,161,Undirected,947,,1
32,181,Undirected,948,,1
32,190,Undirected,949,,1
32,196,Undirected,950,,1
32,33,Undirected,951,,1
32,34,Undirected,952,,1
32,35,Undirected,953,,1
32,36,Undirected,954,,1
32,37,Undirected,955,,1
32,38,Undirected,956,,1
32,39,Undirected,957,,1
32,40,Undirected,958,,1
32,41,Undirected,959,,1
32,42,Undirected,960,,1
32,43,Undirected,961,,1
32,44,Undirected,962,,1
32,45,Undirected,963,,1
32,46,Undirected,964,,1
32,47,Undirected,965,,1
32,50,Undirected,966,,1
32,51,Undirected,967,,1
32,52,Undirected,968,,1
32,53,Undirected,969,,1
32,56,Undirected,970,,1
32,57,Undirected,971,,1
32,59,Undirected,972,,1
32,60,Undirected,973,,1
32,61,Undirected,974,,1
32,62,Undirected,975,,1
32,63,Undirected,976,,1
32,65,Undirected,977,,1
32,66,Undirected,978,,1
32,67,Undirected,979,,1
32,68,Undirected,980,,1
32,70,Undirected,981,,1
32,71,Undirected,982,,1
32,72,Undirected,983,,1
32,73,Undirected,984,,1
32,90,Undirected,985,,1
33,139,Undirected,986,,1
33,154,Undirected,987,,1
33,156,Undirected,988,,1
33,34,Undirected,989,,1
33,35,Undirected,990,,1
33,36,Undirected,991,,1
33,37,Undirected,992,,1
33,38,Undirected,993,,1
33,40,Undirected,994,,1
33,41,Undirected,995,,1
33,42,Undirected,996,,1
33,43,Undirected,997,,1
33,44,Undirected,998,,1
33,45,Undirected,999,,1
33,46,Undirected,1000,,1
33,47,Undirected,1001,,1
33,50,Undirected,1002,,1
33,51,Undirected,1003,,1
33,52,Undirected,1004,,1
33,53,Undirected,1005,,1
33,56,Undirected,1006,,1
33,57,Undirected,1007,,1
33,58,Undirected,1008,,1
33,59,Undirected,1009,,1
33,60,Undirected,1010,,1
33,61,Undirected,1011,,1
33,62,Undirected,1012,,1
33,63,Undirected,1013,,1
33,65,Undirected,1014,,1
33,66,Undirected,1015,,1
33,67,Undirected,1016,,1
33,68,Undirected,1017,,1
33,69,Undirected,1018,,1
33,70,Undirected,1019,,1
33,72,Undirected,1020,,1
33,73,Undirected,1021,,1
34,35,Undirected,1022,,1
34,36,Undirected,1023,,1
34,37,Undirected,1024,,1
34,38,Undirected,1025,,1
34,39,Undirected,1026,,1
34,40,Undirected,1027,,1
34,41,Undirected,1028,,1
34,42,Undirected,1029,,1
34,43,Undirected,1030,,1
34,44,Undirected,1031,,1
34,45,Undirected,1032,,1
34,46,Undirected,1033,,1
34,47,Undirected,1034,,1
35,36,Undirected,1035,,1
35,37,Undirected,1036,,1
35,38,Undirected,1037,,1
35,39,Undirected,1038,,1
35,40,Undirected,1039,,1
35,41,Undirected,1040,,1
35,42,Undirected,1041,,1
35,43,Undirected,1042,,1
35,44,Undirected,1043,,1
35,45,Undirected,1044,,1
35,46,Undirected,1045,,1
35,47,Undirected,1046,,1
35,48,Undirected,1047,,1
35,49,Undirected,1048,,1
35,50,Undirected,1049,,1
35,51,Undirected,1050,,1
35,52,Undirected,1051,,1
35,53,Undirected,1052,,1
35,54,Undirected,1053,,1
35,55,Undirected,1054,,1
35,56,Undirected,1055,,1
35,57,Undirected,1056,,1
35,58,Undirected,1057,,1
35,59,Undirected,1058,,1
35,60,Undirected,1059,,1
35,61,Undirected,1060,,1
35,62,Undirected,1061,,1
35,63,Undirected,1062,,1
35,64,Undirected,1063,,1
35,65,Undirected,1064,,1
35,66,Undirected,1065,,1
35,67,Undirected,1066,,1
35,68,Undirected,1067,,1
35,69,Undirected,1068,,1
35,70,Undirected,1069,,1
35,71,Undirected,1070,,1
35,72,Undirected,1071,,1
35,73,Undirected,1072,,1
35,74,Undirected,1073,,1
35,75,Undirected,1074,,1
35,76,Undirected,1075,,1
36,141,Undirected,1076,,1
36,142,Undirected,1077,,1
36,143,Undirected,1078,,1
36,37,Undirected,1079,,1
36,39,Undirected,1080,,1
36,40,Undirected,1081,,1
36,42,Undirected,1082,,1
36,43,Undirected,1083,,1
36,44,Undirected,1084,,1
36,45,Undirected,1085,,1
36,46,Undirected,1086,,1
36,47,Undirected,1087,,1
36,51,Undirected,1088,,1
36,56,Undirected,1089,,1
36,60,Undirected,1090,,1
36,66,Undirected,1091,,1
36,68,Undirected,1092,,1
36,70,Undirected,1093,,1
36,71,Undirected,1094,,1
36,73,Undirected,1095,,1
37,114,Undirected,1096,,1
37,156,Undirected,1097,,1
37,161,Undirected,1098,,1
37,38,Undirected,1099,,1
37,39,Undirected,1100,,1
37,40,Undirected,1101,,1
37,41,Undirected,1102,,1
37,42,Undirected,1103,,1
37,43,Undirected,1104,,1
37,44,Undirected,1105,,1
37,45,Undirected,1106,,1
37,46,Undirected,1107,,1
37,47,Undirected,1108,,1
37,51,Undirected,1109,,1
37,52,Undirected,1110,,1
37,56,Undirected,1111,,1
37,60,Undirected,1112,,1
37,61,Undirected,1113,,1
37,62,Undirected,1114,,1
37,64,Undirected,1115,,1
37,66,Undirected,1116,,1
37,68,Undirected,1117,,1
37,70,Undirected,1118,,1
37,71,Undirected,1119,,1
37,73,Undirected,1120,,1
38,139,Undirected,1121,,1
38,154,Undirected,1122,,1
38,156,Undirected,1123,,1
38,185,Undirected,1124,,1
38,186,Undirected,1125,,1
38,39,Undirected,1126,,1
38,40,Undirected,1127,,1
38,41,Undirected,1128,,1
38,42,Undirected,1129,,1
38,44,Undirected,1130,,1
38,45,Undirected,1131,,1
38,51,Undirected,1132,,1
38,52,Undirected,1133,,1
38,56,Undirected,1134,,1
38,60,Undirected,1135,,1
38,61,Undirected,1136,,1
38,62,Undirected,1137,,1
38,63,Undirected,1138,,1
38,64,Undirected,1139,,1
38,66,Undirected,1140,,1
38,67,Undirected,1141,,1
38,68,Undirected,1142,,1
38,70,Undirected,1143,,1
38,73,Undirected,1144,,1
39,40,Undirected,1145,,1
39,42,Undirected,1146,,1
39,43,Undirected,1147,,1
39,44,Undirected,1148,,1
39,47,Undirected,1149,,1
39,51,Undirected,1150,,1
39,56,Undirected,1151,,1
39,60,Undirected,1152,,1
39,66,Undirected,1153,,1
39,68,Undirected,1154,,1
39,70,Undirected,1155,,1
39,71,Undirected,1156,,1
39,73,Undirected,1157,,1
40,41,Undirected,1158,,1
40,42,Undirected,1159,,1
40,43,Undirected,1160,,1
40,44,Undirected,1161,,1
40,45,Undirected,1162,,1
40,46,Undirected,1163,,1
40,47,Undirected,1164,,1
40,51,Undirected,1165,,1
40,60,Undirected,1166,,1
40,66,Undirected,1167,,1
40,68,Undirected,1168,,1
41,114,Undirected,1169,,1
41,196,Undirected,1170,,1
41,42,Undirected,1171,,1
41,44,Undirected,1172,,1
41,45,Undirected,1173,,1
41,51,Undirected,1174,,1
41,52,Undirected,1175,,1
41,60,Undirected,1176,,1
41,61,Undirected,1177,,1
41,62,Undirected,1178,,1
41,63,Undirected,1179,,1
41,64,Undirected,1180,,1
41,66,Undirected,1181,,1
41,67,Undirected,1182,,1
41,70,Undirected,1183,,1
41,71,Undirected,1184,,1
42,125,Undirected,1185,,1
42,139,Undirected,1186,,1
42,154,Undirected,1187,,1
42,156,Undirected,1188,,1
42,43,Undirected,1189,,1
42,44,Undirected,1190,,1
42,45,Undirected,1191,,1
42,46,Undirected,1192,,1
42,47,Undirected,1193,,1
42,50,Undirected,1194,,1
42,51,Undirected,1195,,1
42,52,Undirected,1196,,1
42,53,Undirected,1197,,1
42,56,Undirected,1198,,1
42,57,Undirected,1199,,1
42,58,Undirected,1200,,1
42,59,Undirected,1201,,1
42,60,Undirected,1202,,1
42,61,Undirected,1203,,1
42,62,Undirected,1204,,1
42,63,Undirected,1205,,1
42,65,Undirected,1206,,1
42,66,Undirected,1207,,1
42,67,Undirected,1208,,1
42,68,Undirected,1209,,1
42,69,Undirected,1210,,1
42,70,Undirected,1211,,1
42,73,Undirected,1212,,1
43,181,Undirected,1213,,1
43,44,Undirected,1214,,1
43,45,Undirected,1215,,1
43,46,Undirected,1216,,1
43,47,Undirected,1217,,1
43,51,Undirected,1218,,1
43,56,Undirected,1219,,1
43,60,Undirected,1220,,1
43,66,Undirected,1221,,1
43,68,Undirected,1222,,1
43,70,Undirected,1223,,1
43,71,Undirected,1224,,1
43,73,Undirected,1225,,1
44,45,Undirected,1226,,1
44,46,Undirected,1227,,1
44,47,Undirected,1228,,1
44,52,Undirected,1229,,1
44,60,Undirected,1230,,1
44,61,Undirected,1231,,1
44,62,Undirected,1232,,1
44,63,Undirected,1233,,1
44,66,Undirected,1234,,1
44,68,Undirected,1235,,1
44,70,Undirected,1236,,1
45,156,Undirected,1237,,1
45,46,Undirected,1238,,1
45,47,Undirected,1239,,1
45,51,Undirected,1240,,1
45,60,Undirected,1241,,1
45,61,Undirected,1242,,1
45,62,Undirected,1243,,1
45,66,Undirected,1244,,1
45,68,Undirected,1245,,1
45,70,Undirected,1246,,1
45,72,Undirected,1247,,1
45,73,Undirected,1248,,1
46,117,Undirected,1249,,1
46,156,Undirected,1250,,1
46,161,Undirected,1251,,1
46,47,Undirected,1252,,1
46,51,Undirected,1253,,1
46,52,Undirected,1254,,1
46,60,Undirected,1255,,1
46,61,Undirected,1256,,1
46,62,Undirected,1257,,1
46,64,Undirected,1258,,1
46,66,Undirected,1259,,1
46,68,Undirected,1260,,1
46,70,Undirected,1261,,1
47,126,Undirected,1262,,1
47,127,Undirected,1263,,1
47,128,Undirected,1264,,1
47,129,Undirected,1265,,1
47,130,Undirected,1266,,1
47,133,Undirected,1267,,1
47,135,Undirected,1268,,1
47,136,Undirected,1269,,1
47,137,Undirected,1270,,1
47,51,Undirected,1271,,1
47,56,Undirected,1272,,1
47,60,Undirected,1273,,1
47,66,Undirected,1274,,1
47,68,Undirected,1275,,1
47,70,Undirected,1276,,1
47,71,Undirected,1277,,1
47,73,Undirected,1278,,1
47,82,Undirected,1279,,1
48,104,Undirected,1280,,1
48,105,Undirected,1281,,1
48,115,Undirected,1282,,1
48,117,Undirected,1283,,1
48,119,Undirected,1284,,1
48,138,Undirected,1285,,1
48,139,Undirected,1286,,1
48,140,Undirected,1287,,1
48,157,Undirected,1288,,1
48,54,Undirected,1289,,1
48,55,Undirected,1290,,1
48,67,Undirected,1291,,1
48,74,Undirected,1292,,1
48,75,Undirected,1293,,1
48,76,Undirected,1294,,1
48,80,Undirected,1295,,1
48,84,Undirected,1296,,1
48,85,Undirected,1297,,1
48,86,Undirected,1298,,1
48,87,Undirected,1299,,1
48,90,Undirected,1300,,1
50,52,Undirected,1301,,1
50,53,Undirected,1302,,1
50,58,Undirected,1303,,1
50,62,Undirected,1304,,1
50,65,Undirected,1305,,1
50,66,Undirected,1306,,1
50,69,Undirected,1307,,1
50,70,Undirected,1308,,1
51,156,Undirected,1309,,1
51,161,Undirected,1310,,1
51,52,Undirected,1311,,1
51,56,Undirected,1312,,1
51,60,Undirected,1313,,1
51,61,Undirected,1314,,1
51,62,Undirected,1315,,1
51,64,Undirected,1316,,1
51,66,Undirected,1317,,1
51,68,Undirected,1318,,1
51,70,Undirected,1319,,1
51,71,Undirected,1320,,1
51,73,Undirected,1321,,1
52,139,Undirected,1322,,1
52,154,Undirected,1323,,1
52,156,Undirected,1324,,1
52,161,Undirected,1325,,1
52,53,Undirected,1326,,1
52,56,Undirected,1327,,1
52,58,Undirected,1328,,1
52,60,Undirected,1329,,1
52,61,Undirected,1330,,1
52,62,Undirected,1331,,1
52,63,Undirected,1332,,1
52,64,Undirected,1333,,1
52,65,Undirected,1334,,1
52,66,Undirected,1335,,1
52,67,Undirected,1336,,1
52,68,Undirected,1337,,1
52,69,Undirected,1338,,1
52,70,Undirected,1339,,1
52,73,Undirected,1340,,1
53,125,Undirected,1341,,1
53,183,Undirected,1342,,1
53,184,Undirected,1343,,1
53,57,Undirected,1344,,1
53,58,Undirected,1345,,1
53,59,Undirected,1346,,1
53,62,Undirected,1347,,1
53,65,Undirected,1348,,1
53,66,Undirected,1349,,1
53,67,Undirected,1350,,1
53,69,Undirected,1351,,1
53,70,Undirected,1352,,1
54,100,Undirected,1353,,1
54,104,Undirected,1354,,1
54,109,Undirected,1355,,1
54,110,Undirected,1356,,1
54,111,Undirected,1357,,1
54,112,Undirected,1358,,1
54,114,Undirected,1359,,1
54,119,Undirected,1360,,1
54,138,Undirected,1361,,1
54,139,Undirected,1362,,1
54,140,Undirected,1363,,1
54,153,Undirected,1364,,1
54,154,Undirected,1365,,1
54,155,Undirected,1366,,1
54,191,Undirected,1367,,1
54,55,Undirected,1368,,1
54,70,Undirected,1369,,1
54,74,Undirected,1370,,1
54,75,Undirected,1371,,1
54,76,Undirected,1372,,1
54,80,Undirected,1373,,1
54,81,Undirected,1374,,1
54,82,Undirected,1375,,1
54,83,Undirected,1376,,1
54,84,Undirected,1377,,1
54,85,Undirected,1378,,1
54,86,Undirected,1379,,1
54,87,Undirected,1380,,1
54,88,Undirected,1381,,1
54,91,Undirected,1382,,1
54,93,Undirected,1383,,1
54,97,Undirected,1384,,1
54,98,Undirected,1385,,1
54,99,Undirected,1386,,1
55,100,Undirected,1387,,1
55,104,Undirected,1388,,1
55,105,Undirected,1389,,1
55,109,Undirected,1390,,1
55,110,Undirected,1391,,1
55,111,Undirected,1392,,1
55,115,Undirected,1393,,1
55,117,Undirected,1394,,1
55,119,Undirected,1395,,1
55,120,Undirected,1396,,1
55,123,Undirected,1397,,1
55,124,Undirected,1398,,1
55,138,Undirected,1399,,1
55,139,Undirected,1400,,1
55,140,Undirected,1401,,1
55,67,Undirected,1402,,1
55,74,Undirected,1403,,1
55,75,Undirected,1404,,1
55,76,Undirected,1405,,1
55,80,Undirected,1406,,1
55,81,Undirected,1407,,1
55,82,Undirected,1408,,1
55,84,Undirected,1409,,1
55,85,Undirected,1410,,1
55,86,Undirected,1411,,1
55,87,Undirected,1412,,1
55,90,Undirected,1413,,1
55,91,Undirected,1414,,1
55,93,Undirected,1415,,1
55,97,Undirected,1416,,1
55,98,Undirected,1417,,1
55,99,Undirected,1418,,1
56,121,Undirected,1419,,1
56,125,Undirected,1420,,1
56,138,Undirected,1421,,1
56,139,Undirected,1422,,1
56,154,Undirected,1423,,1
56,156,Undirected,1424,,1
56,189,Undirected,1425,,1
56,60,Undirected,1426,,1
56,61,Undirected,1427,,1
56,62,Undirected,1428,,1
56,66,Undirected,1429,,1
56,67,Undirected,1430,,1
56,68,Undirected,1431,,1
56,70,Undirected,1432,,1
56,71,Undirected,1433,,1
56,73,Undirected,1434,,1
56,89,Undirected,1435,,1
56,90,Undirected,1436,,1
57,125,Undirected,1437,,1
57,161,Undirected,1438,,1
57,58,Undirected,1439,,1
57,59,Undirected,1440,,1
57,60,Undirected,1441,,1
57,62,Undirected,1442,,1
57,65,Undirected,1443,,1
57,66,Undirected,1444,,1
57,67,Undirected,1445,,1
57,69,Undirected,1446,,1
57,70,Undirected,1447,,1
57,72,Undirected,1448,,1
58,125,Undirected,1449,,1
58,59,Undirected,1450,,1
58,62,Undirected,1451,,1
58,65,Undirected,1452,,1
58,66,Undirected,1453,,1
58,67,Undirected,1454,,1
58,69,Undirected,1455,,1
58,70,Undirected,1456,,1
59,122,Undirected,1457,,1
59,124,Undirected,1458,,1
59,125,Undirected,1459,,1
59,189,Undirected,1460,,1
59,60,Undirected,1461,,1
59,62,Undirected,1462,,1
59,65,Undirected,1463,,1
59,66,Undirected,1464,,1
59,67,Undirected,1465,,1
59,69,Undirected,1466,,1
59,70,Undirected,1467,,1
59,72,Undirected,1468,,1
59,84,Undirected,1469,,1
60,139,Undirected,1470,,1
60,154,Undirected,1471,,1
60,156,Undirected,1472,,1
60,161,Undirected,1473,,1
60,185,Undirected,1474,,1
60,186,Undirected,1475,,1
60,61,Undirected,1476,,1
60,62,Undirected,1477,,1
60,63,Undirected,1478,,1
60,64,Undirected,1479,,1
60,66,Undirected,1480,,1
60,67,Undirected,1481,,1
60,68,Undirected,1482,,1
60,70,Undirected,1483,,1
60,71,Undirected,1484,,1
60,72,Undirected,1485,,1
60,73,Undirected,1486,,1
60,89,Undirected,1487,,1
60,90,Undirected,1488,,1
61,102,Undirected,1489,,1
61,139,Undirected,1490,,1
61,154,Undirected,1491,,1
61,156,Undirected,1492,,1
61,161,Undirected,1493,,1
61,180,Undirected,1494,,1
61,181,Undirected,1495,,1
61,62,Undirected,1496,,1
61,63,Undirected,1497,,1
61,64,Undirected,1498,,1
61,66,Undirected,1499,,1
61,67,Undirected,1500,,1
61,68,Undirected,1501,,1
61,70,Undirected,1502,,1
61,73,Undirected,1503,,1
61,84,Undirected,1504,,1
61,89,Undirected,1505,,1
61,93,Undirected,1506,,1
62,102,Undirected,1507,,1
62,105,Undirected,1508,,1
62,109,Undirected,1509,,1
62,110,Undirected,1510,,1
62,111,Undirected,1511,,1
62,117,Undirected,1512,,1
62,124,Undirected,1513,,1
62,139,Undirected,1514,,1
62,144,Undirected,1515,,1
62,154,Undirected,1516,,1
62,156,Undirected,1517,,1
62,161,Undirected,1518,,1
62,185,Undirected,1519,,1
62,186,Undirected,1520,,1
62,63,Undirected,1521,,1
62,64,Undirected,1522,,1
62,65,Undirected,1523,,1
62,66,Undirected,1524,,1
62,67,Undirected,1525,,1
62,68,Undirected,1526,,1
62,69,Undirected,1527,,1
62,70,Undirected,1528,,1
62,72,Undirected,1529,,1
62,73,Undirected,1530,,1
62,74,Undirected,1531,,1
62,89,Undirected,1532,,1
62,90,Undirected,1533,,1
62,94,Undirected,1534,,1
63,154,Undirected,1535,,1
63,185,Undirected,1536,,1
63,186,Undirected,1537,,1
63,64,Undirected,1538,,1
63,66,Undirected,1539,,1
63,67,Undirected,1540,,1
63,70,Undirected,1541,,1
64,156,Undirected,1542,,1
64,161,Undirected,1543,,1
64,66,Undirected,1544,,1
64,68,Undirected,1545,,1
65,125,Undirected,1546,,1
65,66,Undirected,1547,,1
65,67,Undirected,1548,,1
65,69,Undirected,1549,,1
65,70,Undirected,1550,,1
66,117,Undirected,1551,,1
66,139,Undirected,1552,,1
66,154,Undirected,1553,,1
66,156,Undirected,1554,,1
66,67,Undirected,1555,,1
66,68,Undirected,1556,,1
66,69,Undirected,1557,,1
66,70,Undirected,1558,,1
66,71,Undirected,1559,,1
66,73,Undirected,1560,,1
67,100,Undirected,1561,,1
67,101,Undirected,1562,,1
67,102,Undirected,1563,,1
67,103,Undirected,1564,,1
67,104,Undirected,1565,,1
67,105,Undirected,1566,,1
67,106,Undirected,1567,,1
67,107,Undirected,1568,,1
67,108,Undirected,1569,,1
67,109,Undirected,1570,,1
67,110,Undirected,1571,,1
67,111,Undirected,1572,,1
67,112,Undirected,1573,,1
67,113,Undirected,1574,,1
67,114,Undirected,1575,,1
67,115,Undirected,1576,,1
67,116,Undirected,1577,,1
67,117,Undirected,1578,,1
67,118,Undirected,1579,,1
67,120,Undirected,1580,,1
67,121,Undirected,1581,,1
67,122,Undirected,1582,,1
67,123,Undirected,1583,,1
67,124,Undirected,1584,,1
67,125,Undirected,1585,,1
67,134,Undirected,1586,,1
67,136,Undirected,1587,,1
67,139,Undirected,1588,,1
67,149,Undirected,1589,,1
67,151,Undirected,1590,,1
67,154,Undirected,1591,,1
67,155,Undirected,1592,,1
67,156,Undirected,1593,,1
67,157,Undirected,1594,,1
67,158,Undirected,1595,,1
67,159,Undirected,1596,,1
67,160,Undirected,1597,,1
67,172,Undirected,1598,,1
67,173,Undirected,1599,,1
67,185,Undirected,1600,,1
67,186,Undirected,1601,,1
67,187,Undirected,1602,,1
67,188,Undirected,1603,,1
67,189,Undirected,1604,,1
67,192,Undirected,1605,,1
67,193,Undirected,1606,,1
67,194,Undirected,1607,,1
67,68,Undirected,1608,,1
67,69,Undirected,1609,,1
67,70,Undirected,1610,,1
67,72,Undirected,1611,,1
67,73,Undirected,1612,,1
67,74,Undirected,1613,,1
67,75,Undirected,1614,,1
67,76,Undirected,1615,,1
67,80,Undirected,1616,,1
67,84,Undirected,1617,,1
67,88,Undirected,1618,,1
67,89,Undirected,1619,,1
67,90,Undirected,1620,,1
67,93,Undirected,1621,,1
67,95,Undirected,1622,,1
67,96,Undirected,1623,,1
68,139,Undirected,1624,,1
68,154,Undirected,1625,,1
68,156,Undirected,1626,,1
68,161,Undirected,1627,,1
68,70,Undirected,1628,,1
68,71,Undirected,1629,,1
68,73,Undirected,1630,,1
69,125,Undirected,1631,,1
69,161,Undirected,1632,,1
69,70,Undirected,1633,,1
70,114,Undirected,1634,,1
70,119,Undirected,1635,,1
70,120,Undirected,1636,,1
70,124,Undirected,1637,,1
70,125,Undirected,1638,,1
70,139,Undirected,1639,,1
70,141,Undirected,1640,,1
70,154,Undirected,1641,,1
70,156,Undirected,1642,,1
70,183,Undirected,1643,,1
70,184,Undirected,1644,,1
70,197,Undirected,1645,,1
70,71,Undirected,1646,,1
70,72,Undirected,1647,,1
70,73,Undirected,1648,,1
70,74,Undirected,1649,,1
70,84,Undirected,1650,,1
70,88,Undirected,1651,,1
70,93,Undirected,1652,,1
71,114,Undirected,1653,,1
71,180,Undirected,1654,,1
71,181,Undirected,1655,,1
71,182,Undirected,1656,,1
71,190,Undirected,1657,,1
71,73,Undirected,1658,,1
72,142,Undirected,1659,,1
73,139,Undirected,1660,,1
73,154,Undirected,1661,,1
73,156,Undirected,1662,,1
74,104,Undirected,1663,,1
74,105,Undirected,1664,,1
74,109,Undirected,1665,,1
74,110,Undirected,1666,,1
74,111,Undirected,1667,,1
74,112,Undirected,1668,,1
74,114,Undirected,1669,,1
74,117,Undirected,1670,,1
74,119,Undirected,1671,,1
74,122,Undirected,1672,,1
74,125,Undirected,1673,,1
74,138,Undirected,1674,,1
74,139,Undirected,1675,,1
74,140,Undirected,1676,,1
74,144,Undirected,1677,,1
74,149,Undirected,1678,,1
74,155,Undirected,1679,,1
74,158,Undirected,1680,,1
74,159,Undirected,1681,,1
74,160,Undirected,1682,,1
74,193,Undirected,1683,,1
74,194,Undirected,1684,,1
74,75,Undirected,1685,,1
74,76,Undirected,1686,,1
74,80,Undirected,1687,,1
74,83,Undirected,1688,,1
74,84,Undirected,1689,,1
74,85,Undirected,1690,,1
74,86,Undirected,1691,,1
74,87,Undirected,1692,,1
74,88,Undirected,1693,,1
74,89,Undirected,1694,,1
74,90,Undirected,1695,,1
74,93,Undirected,1696,,1
74,94,Undirected,1697,,1
74,97,Undirected,1698,,1
75,100,Undirected,1699,,1
75,104,Undirected,1700,,1
75,109,Undirected,1701,,1
75,110,Undirected,1702,,1
75,111,Undirected,1703,,1
75,112,Undirected,1704,,1
75,114,Undirected,1705,,1
75,119,Undirected,1706,,1
75,120,Undirected,1707,,1
75,123,Undirected,1708,,1
75,124,Undirected,1709,,1
75,138,Undirected,1710,,1
75,139,Undirected,1711,,1
75,140,Undirected,1712,,1
75,153,Undirected,1713,,1
75,154,Undirected,1714,,1
75,155,Undirected,1715,,1
75,191,Undirected,1716,,1
75,76,Undirected,1717,,1
75,80,Undirected,1718,,1
75,81,Undirected,1719,,1
75,82,Undirected,1720,,1
75,83,Undirected,1721,,1
75,84,Undirected,1722,,1
75,85,Undirected,1723,,1
75,86,Undirected,1724,,1
75,87,Undirected,1725,,1
75,88,Undirected,1726,,1
75,91,Undirected,1727,,1
75,93,Undirected,1728,,1
75,97,Undirected,1729,,1
75,98,Undirected,1730,,1
75,99,Undirected,1731,,1
76,104,Undirected,1732,,1
76,111,Undirected,1733,,1
76,112,Undirected,1734,,1
76,114,Undirected,1735,,1
76,119,Undirected,1736,,1
76,125,Undirected,1737,,1
76,138,Undirected,1738,,1
76,139,Undirected,1739,,1
76,140,Undirected,1740,,1
76,149,Undirected,1741,,1
76,158,Undirected,1742,,1
76,159,Undirected,1743,,1
76,160,Undirected,1744,,1
76,80,Undirected,1745,,1
76,83,Undirected,1746,,1
76,85,Undirected,1747,,1
76,86,Undirected,1748,,1
76,87,Undirected,1749,,1
76,93,Undirected,1750,,1
77,78,Undirected,1751,,1
77,79,Undirected,1752,,1
78,79,Undirected,1753,,1
79,182,Undirected,1754,,1
80,100,Undirected,1755,,1
80,101,Undirected,1756,,1
80,102,Undirected,1757,,1
80,103,Undirected,1758,,1
80,104,Undirected,1759,,1
80,105,Undirected,1760,,1
80,106,Undirected,1761,,1
80,107,Undirected,1762,,1
80,108,Undirected,1763,,1
80,109,Undirected,1764,,1
80,110,Undirected,1765,,1
80,111,Undirected,1766,,1
80,112,Undirected,1767,,1
80,113,Undirected,1768,,1
80,114,Undirected,1769,,1
80,115,Undirected,1770,,1
80,116,Undirected,1771,,1
80,117,Undirected,1772,,1
80,118,Undirected,1773,,1
80,119,Undirected,1774,,1
80,81,Undirected,1775,,1
80,82,Undirected,1776,,1
80,83,Undirected,1777,,1
80,84,Undirected,1778,,1
80,85,Undirected,1779,,1
80,86,Undirected,1780,,1
80,87,Undirected,1781,,1
80,88,Undirected,1782,,1
80,89,Undirected,1783,,1
80,90,Undirected,1784,,1
80,91,Undirected,1785,,1
80,92,Undirected,1786,,1
80,93,Undirected,1787,,1
80,94,Undirected,1788,,1
80,95,Undirected,1789,,1
80,96,Undirected,1790,,1
80,97,Undirected,1791,,1
80,98,Undirected,1792,,1
80,99,Undirected,1793,,1
81,100,Undirected,1794,,1
81,103,Undirected,1795,,1
81,105,Undirected,1796,,1
81,106,Undirected,1797,,1
81,108,Undirected,1798,,1
81,109,Undirected,1799,,1
81,110,Undirected,1800,,1
81,111,Undirected,1801,,1
81,117,Undirected,1802,,1
81,119,Undirected,1803,,1
81,82,Undirected,1804,,1
81,84,Undirected,1805,,1
81,87,Undirected,1806,,1
81,89,Undirected,1807,,1
81,90,Undirected,1808,,1
81,91,Undirected,1809,,1
81,94,Undirected,1810,,1
81,98,Undirected,1811,,1
81,99,Undirected,1812,,1
82,100,Undirected,1813,,1
82,109,Undirected,1814,,1
82,110,Undirected,1815,,1
82,111,Undirected,1816,,1
82,126,Undirected,1817,,1
82,127,Undirected,1818,,1
82,128,Undirected,1819,,1
82,129,Undirected,1820,,1
82,130,Undirected,1821,,1
82,133,Undirected,1822,,1
82,135,Undirected,1823,,1
82,136,Undirected,1824,,1
82,137,Undirected,1825,,1
82,84,Undirected,1826,,1
82,91,Undirected,1827,,1
82,98,Undirected,1828,,1
82,99,Undirected,1829,,1
83,104,Undirected,1830,,1
83,109,Undirected,1831,,1
83,110,Undirected,1832,,1
83,111,Undirected,1833,,1
83,112,Undirected,1834,,1
83,114,Undirected,1835,,1
83,117,Undirected,1836,,1
83,119,Undirected,1837,,1
83,125,Undirected,1838,,1
83,84,Undirected,1839,,1
83,85,Undirected,1840,,1
83,86,Undirected,1841,,1
83,88,Undirected,1842,,1
83,90,Undirected,1843,,1
83,92,Undirected,1844,,1
83,93,Undirected,1845,,1
83,94,Undirected,1846,,1
84,100,Undirected,1847,,1
84,102,Undirected,1848,,1
84,103,Undirected,1849,,1
84,105,Undirected,1850,,1
84,109,Undirected,1851,,1
84,110,Undirected,1852,,1
84,111,Undirected,1853,,1
84,114,Undirected,1854,,1
84,115,Undirected,1855,,1
84,117,Undirected,1856,,1
84,119,Undirected,1857,,1
84,122,Undirected,1858,,1
84,123,Undirected,1859,,1
84,124,Undirected,1860,,1
84,125,Undirected,1861,,1
84,136,Undirected,1862,,1
84,138,Undirected,1863,,1
84,189,Undirected,1864,,1
84,191,Undirected,1865,,1
84,88,Undirected,1866,,1
84,89,Undirected,1867,,1
84,90,Undirected,1868,,1
84,91,Undirected,1869,,1
84,93,Undirected,1870,,1
84,98,Undirected,1871,,1
84,99,Undirected,1872,,1
85,104,Undirected,1873,,1
85,109,Undirected,1874,,1
85,111,Undirected,1875,,1
85,112,Undirected,1876,,1
85,114,Undirected,1877,,1
85,119,Undirected,1878,,1
85,138,Undirected,1879,,1
85,139,Undirected,1880,,1
85,140,Undirected,1881,,1
85,86,Undirected,1882,,1
85,87,Undirected,1883,,1
85,88,Undirected,1884,,1
85,93,Undirected,1885,,1
86,100,Undirected,1886,,1
86,104,Undirected,1887,,1
86,109,Undirected,1888,,1
86,111,Undirected,1889,,1
86,112,Undirected,1890,,1
86,114,Undirected,1891,,1
86,119,Undirected,1892,,1
86,138,Undirected,1893,,1
86,139,Undirected,1894,,1
86,140,Undirected,1895,,1
86,153,Undirected,1896,,1
86,154,Undirected,1897,,1
86,155,Undirected,1898,,1
86,87,Undirected,1899,,1
86,88,Undirected,1900,,1
86,93,Undirected,1901,,1
86,97,Undirected,1902,,1
87,100,Undirected,1903,,1
87,103,Undirected,1904,,1
87,104,Undirected,1905,,1
87,105,Undirected,1906,,1
87,106,Undirected,1907,,1
87,108,Undirected,1908,,1
87,109,Undirected,1909,,1
87,113,Undirected,1910,,1
87,117,Undirected,1911,,1
87,119,Undirected,1912,,1
87,128,Undirected,1913,,1
87,138,Undirected,1914,,1
87,139,Undirected,1915,,1
87,140,Undirected,1916,,1
87,164,Undirected,1917,,1
87,165,Undirected,1918,,1
87,89,Undirected,1919,,1
87,90,Undirected,1920,,1
87,97,Undirected,1921,,1
87,98,Undirected,1922,,1
88,103,Undirected,1923,,1
88,109,Undirected,1924,,1
88,111,Undirected,1925,,1
88,112,Undirected,1926,,1
88,114,Undirected,1927,,1
88,117,Undirected,1928,,1
88,119,Undirected,1929,,1
88,125,Undirected,1930,,1
88,133,Undirected,1931,,1
88,176,Undirected,1932,,1
88,193,Undirected,1933,,1
88,90,Undirected,1934,,1
88,93,Undirected,1935,,1
88,94,Undirected,1936,,1
89,100,Undirected,1937,,1
89,101,Undirected,1938,,1
89,102,Undirected,1939,,1
89,103,Undirected,1940,,1
89,105,Undirected,1941,,1
89,106,Undirected,1942,,1
89,107,Undirected,1943,,1
89,108,Undirected,1944,,1
89,109,Undirected,1945,,1
89,110,Undirected,1946,,1
89,111,Undirected,1947,,1
89,113,Undirected,1948,,1
89,116,Undirected,1949,,1
89,117,Undirected,1950,,1
89,118,Undirected,1951,,1
89,119,Undirected,1952,,1
89,121,Undirected,1953,,1
89,122,Undirected,1954,,1
89,123,Undirected,1955,,1
89,124,Undirected,1956,,1
89,125,Undirected,1957,,1
89,144,Undirected,1958,,1
89,154,Undirected,1959,,1
89,155,Undirected,1960,,1
89,174,Undirected,1961,,1
89,189,Undirected,1962,,1
89,194,Undirected,1963,,1
89,90,Undirected,1964,,1
89,94,Undirected,1965,,1
89,95,Undirected,1966,,1
89,96,Undirected,1967,,1
89,97,Undirected,1968,,1
89,98,Undirected,1969,,1
90,100,Undirected,1970,,1
90,101,Undirected,1971,,1
90,102,Undirected,1972,,1
90,103,Undirected,1973,,1
90,105,Undirected,1974,,1
90,106,Undirected,1975,,1
90,107,Undirected,1976,,1
90,108,Undirected,1977,,1
90,109,Undirected,1978,,1
90,110,Undirected,1979,,1
90,111,Undirected,1980,,1
90,112,Undirected,1981,,1
90,113,Undirected,1982,,1
90,114,Undirected,1983,,1
90,115,Undirected,1984,,1
90,116,Undirected,1985,,1
90,117,Undirected,1986,,1
90,118,Undirected,1987,,1
90,119,Undirected,1988,,1
90,121,Undirected,1989,,1
90,122,Undirected,1990,,1
90,123,Undirected,1991,,1
90,124,Undirected,1992,,1
90,125,Undirected,1993,,1
90,144,Undirected,1994,,1
90,154,Undirected,1995,,1
90,155,Undirected,1996,,1
90,157,Undirected,1997,,1
90,163,Undirected,1998,,1
90,189,Undirected,1999,,1
90,194,Undirected,2000,,1
90,93,Undirected,2001,,1
90,94,Undirected,2002,,1
90,95,Undirected,2003,,1
90,96,Undirected,2004,,1
90,97,Undirected,2005,,1
90,98,Undirected,2006,,1
91,100,Undirected,2007,,1
91,101,Undirected,2008,,1
91,109,Undirected,2009,,1
91,110,Undirected,2010,,1
91,111,Undirected,2011,,1
91,119,Undirected,2012,,1
91,122,Undirected,2013,,1
91,123,Undirected,2014,,1
91,126,Undirected,2015,,1
91,131,Undirected,2016,,1
91,132,Undirected,2017,,1
91,134,Undirected,2018,,1
91,138,Undirected,2019,,1
91,92,Undirected,2020,,1
91,93,Undirected,2021,,1
91,97,Undirected,2022,,1
91,98,Undirected,2023,,1
91,99,Undirected,2024,,1
92,110,Undirected,2025,,1
92,111,Undirected,2026,,1
93,100,Undirected,2027,,1
93,103,Undirected,2028,,1
93,106,Undirected,2029,,1
93,109,Undirected,2030,,1
93,111,Undirected,2031,,1
93,112,Undirected,2032,,1
93,114,Undirected,2033,,1
93,115,Undirected,2034,,1
93,117,Undirected,2035,,1
93,119,Undirected,2036,,1
93,120,Undirected,2037,,1
93,122,Undirected,2038,,1
93,123,Undirected,2039,,1
93,124,Undirected,2040,,1
93,125,Undirected,2041,,1
93,133,Undirected,2042,,1
93,134,Undirected,2043,,1
93,138,Undirected,2044,,1
93,149,Undirected,2045,,1
93,158,Undirected,2046,,1
93,159,Undirected,2047,,1
93,160,Undirected,2048,,1
93,163,Undirected,2049,,1
93,174,Undirected,2050,,1
93,176,Undirected,2051,,1
93,191,Undirected,2052,,1
93,193,Undirected,2053,,1
93,94,Undirected,2054,,1
93,97,Undirected,2055,,1
94,100,Undirected,2056,,1
94,105,Undirected,2057,,1
94,109,Undirected,2058,,1
94,110,Undirected,2059,,1
94,111,Undirected,2060,,1
94,117,Undirected,2061,,1
94,119,Undirected,2062,,1
94,144,Undirected,2063,,1
94,157,Undirected,2064,,1
94,98,Undirected,2065,,1
95,100,Undirected,2066,,1
95,101,Undirected,2067,,1
95,102,Undirected,2068,,1
95,103,Undirected,2069,,1
95,105,Undirected,2070,,1
95,107,Undirected,2071,,1
95,113,Undirected,2072,,1
95,116,Undirected,2073,,1
95,117,Undirected,2074,,1
95,118,Undirected,2075,,1
95,122,Undirected,2076,,1
95,123,Undirected,2077,,1
95,155,Undirected,2078,,1
95,194,Undirected,2079,,1
95,96,Undirected,2080,,1
95,97,Undirected,2081,,1
96,100,Undirected,2082,,1
96,101,Undirected,2083,,1
96,102,Undirected,2084,,1
96,105,Undirected,2085,,1
96,107,Undirected,2086,,1
96,113,Undirected,2087,,1
96,116,Undirected,2088,,1
96,117,Undirected,2089,,1
96,118,Undirected,2090,,1
96,122,Undirected,2091,,1
96,123,Undirected,2092,,1
96,155,Undirected,2093,,1
96,194,Undirected,2094,,1
96,97,Undirected,2095,,1
97,101,Undirected,2096,,1
97,102,Undirected,2097,,1
97,107,Undirected,2098,,1
97,112,Undirected,2099,,1
97,116,Undirected,2100,,1
97,117,Undirected,2101,,1
97,118,Undirected,2102,,1
97,119,Undirected,2103,,1
97,122,Undirected,2104,,1
97,123,Undirected,2105,,1
97,126,Undirected,2106,,1
97,127,Undirected,2107,,1
97,128,Undirected,2108,,1
97,131,Undirected,2109,,1
97,132,Undirected,2110,,1
97,134,Undirected,2111,,1
97,140,Undirected,2112,,1
97,153,Undirected,2113,,1
97,164,Undirected,2114,,1
97,165,Undirected,2115,,1
98,100,Undirected,2116,,1
98,103,Undirected,2117,,1
98,105,Undirected,2118,,1
98,106,Undirected,2119,,1
98,108,Undirected,2120,,1
98,109,Undirected,2121,,1
98,110,Undirected,2122,,1
98,111,Undirected,2123,,1
98,117,Undirected,2124,,1
98,119,Undirected,2125,,1
98,99,Undirected,2126,,1
99,100,Undirected,2127,,1
99,109,Undirected,2128,,1
99,110,Undirected,2129,,1
99,111,Undirected,2130,,1
100,102,Undirected,2131,,1
100,103,Undirected,2132,,1
100,105,Undirected,2133,,1
100,106,Undirected,2134,,1
100,107,Undirected,2135,,1
100,108,Undirected,2136,,1
100,109,Undirected,2137,,1
100,110,Undirected,2138,,1
100,111,Undirected,2139,,1
100,116,Undirected,2140,,1
100,117,Undirected,2141,,1
100,118,Undirected,2142,,1
100,119,Undirected,2143,,1
100,124,Undirected,2144,,1
100,138,Undirected,2145,,1
100,139,Undirected,2146,,1
100,153,Undirected,2147,,1
100,154,Undirected,2148,,1
100,155,Undirected,2149,,1
101,102,Undirected,2150,,1
101,107,Undirected,2151,,1
101,116,Undirected,2152,,1
101,117,Undirected,2153,,1
101,118,Undirected,2154,,1
101,121,Undirected,2155,,1
101,122,Undirected,2156,,1
101,123,Undirected,2157,,1
101,126,Undirected,2158,,1
101,128,Undirected,2159,,1
101,131,Undirected,2160,,1
101,132,Undirected,2161,,1
101,133,Undirected,2162,,1
101,134,Undirected,2163,,1
101,137,Undirected,2164,,1
101,149,Undirected,2165,,1
101,150,Undirected,2166,,1
101,152,Undirected,2167,,1
101,159,Undirected,2168,,1
101,164,Undirected,2169,,1
101,165,Undirected,2170,,1
101,166,Undirected,2171,,1
101,167,Undirected,2172,,1
101,168,Undirected,2173,,1
101,169,Undirected,2174,,1
101,170,Undirected,2175,,1
101,171,Undirected,2176,,1
101,172,Undirected,2177,,1
101,173,Undirected,2178,,1
101,174,Undirected,2179,,1
101,187,Undirected,2180,,1
101,188,Undirected,2181,,1
101,189,Undirected,2182,,1
102,105,Undirected,2183,,1
102,107,Undirected,2184,,1
102,108,Undirected,2185,,1
102,113,Undirected,2186,,1
102,116,Undirected,2187,,1
102,117,Undirected,2188,,1
102,118,Undirected,2189,,1
102,122,Undirected,2190,,1
102,123,Undirected,2191,,1
102,124,Undirected,2192,,1
102,155,Undirected,2193,,1
102,194,Undirected,2194,,1
103,105,Undirected,2195,,1
103,106,Undirected,2196,,1
103,108,Undirected,2197,,1
103,109,Undirected,2198,,1
103,111,Undirected,2199,,1
103,114,Undirected,2200,,1
103,115,Undirected,2201,,1
103,117,Undirected,2202,,1
103,119,Undirected,2203,,1
103,120,Undirected,2204,,1
103,124,Undirected,2205,,1
103,125,Undirected,2206,,1
104,112,Undirected,2207,,1
104,119,Undirected,2208,,1
104,122,Undirected,2209,,1
104,138,Undirected,2210,,1
104,139,Undirected,2211,,1
104,140,Undirected,2212,,1
104,155,Undirected,2213,,1
104,193,Undirected,2214,,1
104,194,Undirected,2215,,1
105,106,Undirected,2216,,1
105,107,Undirected,2217,,1
105,108,Undirected,2218,,1
105,109,Undirected,2219,,1
105,110,Undirected,2220,,1
105,111,Undirected,2221,,1
105,113,Undirected,2222,,1
105,115,Undirected,2223,,1
105,116,Undirected,2224,,1
105,117,Undirected,2225,,1
105,118,Undirected,2226,,1
105,119,Undirected,2227,,1
105,144,Undirected,2228,,1
106,108,Undirected,2229,,1
106,109,Undirected,2230,,1
106,117,Undirected,2231,,1
106,119,Undirected,2232,,1
106,120,Undirected,2233,,1
106,124,Undirected,2234,,1
106,125,Undirected,2235,,1
107,108,Undirected,2236,,1
107,113,Undirected,2237,,1
107,116,Undirected,2238,,1
107,117,Undirected,2239,,1
107,118,Undirected,2240,,1
107,122,Undirected,2241,,1
107,123,Undirected,2242,,1
107,155,Undirected,2243,,1
107,194,Undirected,2244,,1
108,109,Undirected,2245,,1
108,113,Undirected,2246,,1
108,115,Undirected,2247,,1
108,116,Undirected,2248,,1
108,117,Undirected,2249,,1
108,118,Undirected,2250,,1
108,119,Undirected,2251,,1
109,110,Undirected,2252,,1
109,111,Undirected,2253,,1
109,112,Undirected,2254,,1
109,114,Undirected,2255,,1
109,117,Undirected,2256,,1
109,119,Undirected,2257,,1
109,120,Undirected,2258,,1
109,123,Undirected,2259,,1
109,124,Undirected,2260,,1
109,125,Undirected,2261,,1
109,134,Undirected,2262,,1
109,139,Undirected,2263,,1
109,144,Undirected,2264,,1
109,153,Undirected,2265,,1
109,154,Undirected,2266,,1
109,155,Undirected,2267,,1
109,157,Undirected,2268,,1
109,159,Undirected,2269,,1
109,187,Undirected,2270,,1
109,192,Undirected,2271,,1
109,193,Undirected,2272,,1
110,111,Undirected,2273,,1
110,117,Undirected,2274,,1
110,124,Undirected,2275,,1
110,144,Undirected,2276,,1
111,112,Undirected,2277,,1
111,114,Undirected,2278,,1
111,117,Undirected,2279,,1
111,119,Undirected,2280,,1
111,124,Undirected,2281,,1
111,125,Undirected,2282,,1
111,144,Undirected,2283,,1
111,149,Undirected,2284,,1
111,158,Undirected,2285,,1
111,159,Undirected,2286,,1
111,160,Undirected,2287,,1
112,114,Undirected,2288,,1
112,117,Undirected,2289,,1
112,119,Undirected,2290,,1
112,121,Undirected,2291,,1
112,122,Undirected,2292,,1
112,125,Undirected,2293,,1
112,138,Undirected,2294,,1
112,140,Undirected,2295,,1
112,149,Undirected,2296,,1
112,155,Undirected,2297,,1
112,158,Undirected,2298,,1
112,159,Undirected,2299,,1
112,160,Undirected,2300,,1
112,171,Undirected,2301,,1
112,172,Undirected,2302,,1
112,173,Undirected,2303,,1
112,174,Undirected,2304,,1
112,193,Undirected,2305,,1
112,194,Undirected,2306,,1
113,116,Undirected,2307,,1
113,117,Undirected,2308,,1
113,118,Undirected,2309,,1
113,122,Undirected,2310,,1
113,123,Undirected,2311,,1
113,155,Undirected,2312,,1
113,174,Undirected,2313,,1
113,194,Undirected,2314,,1
114,117,Undirected,2315,,1
114,119,Undirected,2316,,1
114,125,Undirected,2317,,1
114,149,Undirected,2318,,1
114,158,Undirected,2319,,1
114,159,Undirected,2320,,1
114,160,Undirected,2321,,1
115,117,Undirected,2322,,1
115,124,Undirected,2323,,1
115,198,Undirected,2324,,1
116,117,Undirected,2325,,1
116,118,Undirected,2326,,1
116,122,Undirected,2327,,1
116,123,Undirected,2328,,1
116,155,Undirected,2329,,1
116,194,Undirected,2330,,1
117,118,Undirected,2331,,1
117,119,Undirected,2332,,1
117,122,Undirected,2333,,1
117,123,Undirected,2334,,1
117,125,Undirected,2335,,1
117,144,Undirected,2336,,1
117,155,Undirected,2337,,1
117,163,Undirected,2338,,1
117,194,Undirected,2339,,1
118,122,Undirected,2340,,1
118,123,Undirected,2341,,1
118,124,Undirected,2342,,1
118,155,Undirected,2343,,1
118,194,Undirected,2344,,1
119,133,Undirected,2345,,1
119,138,Undirected,2346,,1
119,139,Undirected,2347,,1
119,140,Undirected,2348,,1
119,176,Undirected,2349,,1
119,193,Undirected,2350,,1
120,122,Undirected,2351,,1
120,123,Undirected,2352,,1
120,124,Undirected,2353,,1
120,125,Undirected,2354,,1
121,125,Undirected,2355,,1
121,128,Undirected,2356,,1
121,133,Undirected,2357,,1
121,135,Undirected,2358,,1
121,137,Undirected,2359,,1
121,149,Undirected,2360,,1
121,150,Undirected,2361,,1
121,152,Undirected,2362,,1
121,153,Undirected,2363,,1
121,154,Undirected,2364,,1
121,160,Undirected,2365,,1
121,164,Undirected,2366,,1
121,165,Undirected,2367,,1
121,166,Undirected,2368,,1
121,167,Undirected,2369,,1
121,168,Undirected,2370,,1
121,169,Undirected,2371,,1
121,170,Undirected,2372,,1
121,171,Undirected,2373,,1
121,172,Undirected,2374,,1
121,173,Undirected,2375,,1
121,174,Undirected,2376,,1
121,189,Undirected,2377,,1
122,123,Undirected,2378,,1
122,124,Undirected,2379,,1
122,125,Undirected,2380,,1
122,126,Undirected,2381,,1
122,131,Undirected,2382,,1
122,132,Undirected,2383,,1
122,134,Undirected,2384,,1
122,155,Undirected,2385,,1
122,159,Undirected,2386,,1
122,187,Undirected,2387,,1
122,188,Undirected,2388,,1
122,189,Undirected,2389,,1
122,193,Undirected,2390,,1
122,194,Undirected,2391,,1
123,124,Undirected,2392,,1
123,125,Undirected,2393,,1
123,126,Undirected,2394,,1
123,131,Undirected,2395,,1
123,132,Undirected,2396,,1
123,134,Undirected,2397,,1
123,155,Undirected,2398,,1
123,159,Undirected,2399,,1
123,187,Undirected,2400,,1
123,188,Undirected,2401,,1
123,189,Undirected,2402,,1
123,194,Undirected,2403,,1
124,125,Undirected,2404,,1
124,189,Undirected,2405,,1
125,149,Undirected,2406,,1
125,154,Undirected,2407,,1
125,158,Undirected,2408,,1
125,159,Undirected,2409,,1
125,160,Undirected,2410,,1
125,187,Undirected,2411,,1
125,189,Undirected,2412,,1
126,127,Undirected,2413,,1
126,128,Undirected,2414,,1
126,129,Undirected,2415,,1
126,130,Undirected,2416,,1
126,131,Undirected,2417,,1
126,132,Undirected,2418,,1
126,133,Undirected,2419,,1
126,134,Undirected,2420,,1
126,135,Undirected,2421,,1
126,136,Undirected,2422,,1
126,137,Undirected,2423,,1
127,128,Undirected,2424,,1
127,129,Undirected,2425,,1
127,130,Undirected,2426,,1
127,133,Undirected,2427,,1
127,135,Undirected,2428,,1
127,136,Undirected,2429,,1
127,137,Undirected,2430,,1
128,129,Undirected,2431,,1
128,130,Undirected,2432,,1
128,133,Undirected,2433,,1
128,135,Undirected,2434,,1
128,136,Undirected,2435,,1
128,137,Undirected,2436,,1
128,140,Undirected,2437,,1
128,148,Undirected,2438,,1
128,149,Undirected,2439,,1
128,150,Undirected,2440,,1
128,152,Undirected,2441,,1
128,164,Undirected,2442,,1
128,165,Undirected,2443,,1
128,166,Undirected,2444,,1
128,167,Undirected,2445,,1
128,168,Undirected,2446,,1
128,169,Undirected,2447,,1
128,170,Undirected,2448,,1
128,171,Undirected,2449,,1
128,172,Undirected,2450,,1
128,173,Undirected,2451,,1
128,174,Undirected,2452,,1
129,130,Undirected,2453,,1
129,131,Undirected,2454,,1
129,133,Undirected,2455,,1
129,135,Undirected,2456,,1
129,136,Undirected,2457,,1
129,137,Undirected,2458,,1
129,148,Undirected,2459,,1
129,149,Undirected,2460,,1
129,166,Undirected,2461,,1
129,167,Undirected,2462,,1
129,168,Undirected,2463,,1
129,170,Undirected,2464,,1
129,175,Undirected,2465,,1
129,176,Undirected,2466,,1
130,133,Undirected,2467,,1
130,135,Undirected,2468,,1
130,136,Undirected,2469,,1
130,137,Undirected,2470,,1
130,148,Undirected,2471,,1
130,157,Undirected,2472,,1
130,183,Undirected,2473,,1
130,184,Undirected,2474,,1
131,132,Undirected,2475,,1
131,133,Undirected,2476,,1
131,134,Undirected,2477,,1
131,137,Undirected,2478,,1
131,148,Undirected,2479,,1
131,166,Undirected,2480,,1
131,167,Undirected,2481,,1
131,175,Undirected,2482,,1
131,176,Undirected,2483,,1
131,183,Undirected,2484,,1
131,184,Undirected,2485,,1
132,134,Undirected,2486,,1
132,137,Undirected,2487,,1
132,141,Undirected,2488,,1
132,155,Undirected,2489,,1
133,135,Undirected,2490,,1
133,136,Undirected,2491,,1
133,137,Undirected,2492,,1
133,148,Undirected,2493,,1
133,149,Undirected,2494,,1
133,150,Undirected,2495,,1
133,152,Undirected,2496,,1
133,164,Undirected,2497,,1
133,165,Undirected,2498,,1
133,166,Undirected,2499,,1
133,167,Undirected,2500,,1
133,168,Undirected,2501,,1
133,169,Undirected,2502,,1
133,170,Undirected,2503,,1
133,171,Undirected,2504,,1
133,172,Undirected,2505,,1
133,173,Undirected,2506,,1
133,174,Undirected,2507,,1
133,175,Undirected,2508,,1
133,176,Undirected,2509,,1
133,177,Undirected,2510,,1
133,178,Undirected,2511,,1
133,179,Undirected,2512,,1
133,193,Undirected,2513,,1
134,157,Undirected,2514,,1
134,192,Undirected,2515,,1
135,136,Undirected,2516,,1
135,137,Undirected,2517,,1
135,148,Undirected,2518,,1
135,153,Undirected,2519,,1
135,168,Undirected,2520,,1
135,171,Undirected,2521,,1
135,172,Undirected,2522,,1
135,173,Undirected,2523,,1
136,137,Undirected,2524,,1
136,150,Undirected,2525,,1
136,159,Undirected,2526,,1
136,165,Undirected,2527,,1
136,169,Undirected,2528,,1
136,179,Undirected,2529,,1
136,187,Undirected,2530,,1
136,192,Undirected,2531,,1
137,148,Undirected,2532,,1
137,149,Undirected,2533,,1
137,150,Undirected,2534,,1
137,152,Undirected,2535,,1
137,153,Undirected,2536,,1
137,155,Undirected,2537,,1
137,164,Undirected,2538,,1
137,165,Undirected,2539,,1
137,166,Undirected,2540,,1
137,167,Undirected,2541,,1
137,168,Undirected,2542,,1
137,169,Undirected,2543,,1
137,170,Undirected,2544,,1
137,171,Undirected,2545,,1
137,172,Undirected,2546,,1
137,173,Undirected,2547,,1
137,174,Undirected,2548,,1
137,175,Undirected,2549,,1
137,176,Undirected,2550,,1
138,139,Undirected,2551,,1
138,140,Undirected,2552,,1
139,140,Undirected,2553,,1
139,153,Undirected,2554,,1
139,154,Undirected,2555,,1
139,155,Undirected,2556,,1
139,156,Undirected,2557,,1
140,164,Undirected,2558,,1
140,165,Undirected,2559,,1
141,142,Undirected,2560,,1
141,143,Undirected,2561,,1
142,143,Undirected,2562,,1
145,146,Undirected,2563,,1
145,147,Undirected,2564,,1
145,148,Undirected,2565,,1
145,149,Undirected,2566,,1
145,150,Undirected,2567,,1
146,147,Undirected,2568,,1
146,148,Undirected,2569,,1
146,149,Undirected,2570,,1
146,150,Undirected,2571,,1
147,148,Undirected,2572,,1
147,149,Undirected,2573,,1
147,150,Undirected,2574,,1
148,149,Undirected,2575,,1
148,150,Undirected,2576,,1
148,166,Undirected,2577,,1
148,167,Undirected,2578,,1
148,168,Undirected,2579,,1
148,170,Undirected,2580,,1
148,175,Undirected,2581,,1
148,176,Undirected,2582,,1
149,150,Undirected,2583,,1
149,152,Undirected,2584,,1
149,158,Undirected,2585,,1
149,159,Undirected,2586,,1
149,160,Undirected,2587,,1
149,164,Undirected,2588,,1
149,165,Undirected,2589,,1
149,166,Undirected,2590,,1
149,167,Undirected,2591,,1
149,168,Undirected,2592,,1
149,169,Undirected,2593,,1
149,170,Undirected,2594,,1
149,171,Undirected,2595,,1
149,172,Undirected,2596,,1
149,173,Undirected,2597,,1
149,174,Undirected,2598,,1
150,152,Undirected,2599,,1
150,164,Undirected,2600,,1
150,165,Undirected,2601,,1
150,166,Undirected,2602,,1
150,167,Undirected,2603,,1
150,168,Undirected,2604,,1
150,169,Undirected,2605,,1
150,170,Undirected,2606,,1
150,171,Undirected,2607,,1
150,172,Undirected,2608,,1
150,173,Undirected,2609,,1
150,174,Undirected,2610,,1
150,179,Undirected,2611,,1
150,192,Undirected,2612,,1
151,152,Undirected,2613,,1
152,164,Undirected,2614,,1
152,165,Undirected,2615,,1
152,166,Undirected,2616,,1
152,167,Undirected,2617,,1
152,168,Undirected,2618,,1
152,169,Undirected,2619,,1
152,170,Undirected,2620,,1
152,171,Undirected,2621,,1
152,172,Undirected,2622,,1
152,173,Undirected,2623,,1
152,174,Undirected,2624,,1
153,154,Undirected,2625,,1
153,155,Undirected,2626,,1
153,164,Undirected,2627,,1
153,165,Undirected,2628,,1
153,168,Undirected,2629,,1
153,171,Undirected,2630,,1
153,172,Undirected,2631,,1
153,173,Undirected,2632,,1
153,177,Undirected,2633,,1
153,178,Undirected,2634,,1
154,155,Undirected,2635,,1
154,156,Undirected,2636,,1
154,185,Undirected,2637,,1
154,186,Undirected,2638,,1
154,189,Undirected,2639,,1
154,191,Undirected,2640,,1
155,160,Undirected,2641,,1
155,164,Undirected,2642,,1
155,165,Undirected,2643,,1
155,177,Undirected,2644,,1
155,178,Undirected,2645,,1
155,193,Undirected,2646,,1
155,194,Undirected,2647,,1
156,161,Undirected,2648,,1
158,159,Undirected,2649,,1
158,160,Undirected,2650,,1
159,160,Undirected,2651,,1
159,187,Undirected,2652,,1
159,188,Undirected,2653,,1
159,189,Undirected,2654,,1
160,173,Undirected,2655,,1
162,163,Undirected,2656,,1
164,165,Undirected,2657,,1
164,166,Undirected,2658,,1
164,167,Undirected,2659,,1
164,168,Undirected,2660,,1
164,169,Undirected,2661,,1
164,170,Undirected,2662,,1
164,171,Undirected,2663,,1
164,172,Undirected,2664,,1
164,173,Undirected,2665,,1
164,174,Undirected,2666,,1
164,179,Undirected,2667,,1
164,192,Undirected,2668,,1
165,166,Undirected,2669,,1
165,167,Undirected,2670,,1
165,168,Undirected,2671,,1
165,169,Undirected,2672,,1
165,170,Undirected,2673,,1
165,171,Undirected,2674,,1
165,172,Undirected,2675,,1
165,173,Undirected,2676,,1
165,174,Undirected,2677,,1
165,179,Undirected,2678,,1
165,192,Undirected,2679,,1
166,167,Undirected,2680,,1
166,168,Undirected,2681,,1
166,169,Undirected,2682,,1
166,170,Undirected,2683,,1
166,171,Undirected,2684,,1
166,172,Undirected,2685,,1
166,173,Undirected,2686,,1
166,174,Undirected,2687,,1
166,175,Undirected,2688,,1
166,176,Undirected,2689,,1
167,168,Undirected,2690,,1
167,169,Undirected,2691,,1
167,170,Undirected,2692,,1
167,171,Undirected,2693,,1
167,172,Undirected,2694,,1
167,173,Undirected,2695,,1
167,174,Undirected,2696,,1
167,175,Undirected,2697,,1
167,176,Undirected,2698,,1
168,169,Undirected,2699,,1
168,170,Undirected,2700,,1
168,171,Undirected,2701,,1
168,172,Undirected,2702,,1
168,173,Undirected,2703,,1
168,174,Undirected,2704,,1
168,177,Undirected,2705,,1
168,178,Undirected,2706,,1
168,179,Undirected,2707,,1
169,170,Undirected,2708,,1
169,171,Undirected,2709,,1
169,172,Undirected,2710,,1
169,173,Undirected,2711,,1
169,174,Undirected,2712,,1
169,179,Undirected,2713,,1
169,192,Undirected,2714,,1
170,171,Undirected,2715,,1
170,172,Undirected,2716,,1
170,173,Undirected,2717,,1
170,174,Undirected,2718,,1
171,172,Undirected,2719,,1
171,173,Undirected,2720,,1
171,174,Undirected,2721,,1
172,173,Undirected,2722,,1
172,174,Undirected,2723,,1
173,174,Undirected,2724,,1
175,176,Undirected,2725,,1
175,195,Undirected,2726,,1
176,193,Undirected,2727,,1
177,178,Undirected,2728,,1
177,179,Undirected,2729,,1
178,179,Undirected,2730,,1
179,192,Undirected,2731,,1
180,181,Undirected,2732,,1
180,182,Undirected,2733,,1
181,182,Undirected,2734,,1
182,190,Undirected,2735,,1
183,184,Undirected,2736,,1
185,186,Undirected,2737,,1
187,188,Undirected,2738,,1
187,189,Undirected,2739,,1
188,189,Undirected,2740,,1
193,194,Undirected,2741,,1
